group,position,locus
2170LG3,0,BSSR-094
2170LG3,7.039,ESSR86
2170LG3,11.123,F3H
2170LG3,11.123,FLS1
2170LG3,13.079,ESNP32
2170LG3,13.079,ESNP31
2170LG3,13.734,K0149
2170LG3,18.304,ESSR122
2170LG3,36.975,P3
2170LG3,38.576,K0627
2170LG3,42.699,ESSR106
2170LG3,45.453,K0961
2170LG3,46.876,K2161
2170LG3,48.033,K0593
2170LG3,48.075,ESSR128
2170LG3,48.075,ESSR161
2170LG3,48.965,K0370
70349LG3,0,K0385
70349LG3,0.641,K1043
70349LG3,0.894,K0352
70349LG3,1.624,K2003
70349LG3,3.027,K0474
70349LG3,3.93,K1562
70349LG3,5.559,K3976
70349LG3,7.104,K1505
70349LG3,9.589,K3043
70349LG3,13.614,K2516
70349LG3,13.893,K3382
70349LG3,14.689,K3907
70349LG3,15.336,K3372
70349LG3,15.459,K3262
70349LG3,17.082,ESSR-167
70349LG3,17.943,K3009
70349LG3,19.82,K3015
70349LG3,20.161,K2263
70349LG3,20.719,K1310
70349LG3,21.742,K3198
70349LG3,21.843,K3122
70349LG3,22.74,K2227
70349LG3,25.871,K2161
70349LG3,26.243,ESSR-186
70349LG3,26.629,K2563
70349LG3,26.944,K4060
70349LG3,27.268,K2509
70349LG3,27.579,K1626
70349LG3,28.497,K1789
70349LG3,28.58,K3161
70349LG3,28.893,K0411
70349LG3,29.211,K3776
70349LG3,29.572,ESSR-057
70349LG3,30.266,K2738
70349LG3,30.569,K3153
70349LG3,30.881,K4054
70349LG3,32.273,K1997
70349LG3,32.583,K0365
70349LG3,32.923,K3380
70349LG3,35.358,GSSR-017
70349LG3,35.665,K0627
70349LG3,36.572,K2287
70349LG3,38.131,K0702
70349LG3,39.212,K2309
70349LG3,41.102,P3
70349LG3,47.671,K0372
70349LG3,48.642,K0790
70349LG3,49.04,K0419
70349LG3,53.905,K3710
70349LG3,54.897,K2446
70349LG3,56.773,PSY2
70349LG3,58.417,K2682
70349LG3,59.099,Raa1
70349LG3,59.099,K0149
70349LG3,59.37,K1142
70349LG3,59.722,K2710
70349LG3,60.142,K1323
70349LG3,60.995,K2901
70349LG3,62.129,K2026
70349LG3,63.02,K3172
70349LG3,63.357,K2463
70349LG3,63.637,K0857
70349LG3,64.551,K0592
70349LG3,64.929,K2278
70349LG3,65.217,FLS1
70349LG3,65.528,K1141
70349LG3,66.049,BSSR-094
70349LG3,66.669,K3811
70349LG3,66.992,K3349
70349LG3,74.625,K2712
70349LG3,74.934,K2075
70349LG3,75.842,K0847
70349LG3,76.531,K1597
70349LG3,79.227,K1349
70349LG3,79.788,ESSR-087
70349LG3,80.418,K1168
70349LG3,82.142,K0557
70349LG3,83.17,K2194
70349LG3,84.058,K0240
70349LG3,84.508,K2926
70349LG3,85.469,K0709
70349LG3,86.13,K1394
10117LG3,0,*aaccat23
10117LG3,12.903,GSSR-124
10117LG3,13.527,*aaccta5
10117LG3,19.941,ESSR-087
10117LG3,22.637,P1
10117LG3,22.667,*aaccta12
10117LG3,24.437,*aagcaa11
10117LG3,26.208,BSSR-013
10117LG3,27.805,*aaccaa13
10117LG3,32.249,*aagcta9
10117LG3,33.762,F3H
10117LG3,34.412,*aagcac21
10117LG3,34.762,FLS1
10117LG3,35.336,*actcat3
10117LG3,39.423,K0149
10117LG3,40.393,PSY2
10117LG3,41.627,*aaccat24
10117LG3,42.162,*actctg8
10117LG3,43,*actcag13
10117LG3,43.018,*actctg1
10117LG3,43.907,*aagcac14
10117LG3,45.177,*aagcac22
10117LG3,45.254,*aaccat5
10117LG3,47.13,ESSR-105
10117LG3,49.943,K0627  
10117LG3,53.517,ESSR-057
10117LG3,55.52,*actctg6
